id,name,category,note,url
501,target redcard,credit card,,https://www.target.com/redcard/credit-card-application
502,dell shipping,shopping cart,,https://www.dell.com/en-us/cart/shipping
503,tiger product registration,product registration,,https://tiger-corporation-us.com/support/product-registration/product-registration-form/
504,Costco citi card,credit card,,https://www.citicards.com/cards/credit/application/flow.action?app=UNSOL&sc=GIDP13G7&m=X44H111111W&B=S&ID=3405&uc=GEJ&t=t
505,Chase preferred,credit card,,https://applynow.chase.com/FlexAppWeb/renderApp.do?SPID=FRTZ&CELL=61DS&PROMO=DF01
506,Wells fargo visa signature,credit card,,https://apply.wellsfargo.com/creditcard?execution=e1s1&page=OSMA_APPL_YOUR_INFORMATION_PAGE&token=TycGX61JbkEA0nsWlg6tAGfo77KMWPb7
507,Bank of America Cash Rewards credit card,credit card,,https://secure.bankofamerica.com/applynow/welcome.go
508,Bank of the West credit card,credit card,,https://accountopening.bankofthewest.com/oflows/web/apprequest.seam?prod=any_deposit_checking&cid=94609
509,Capital One credit card,credit card,,https://www.capitalone.com/credit-cards/prequalify?external_id=WWW_WD901_ZZZ_ONL-SE_AAAGO_T_SEM2_ZZZZ_c_Zg_994646c7-8472-4246-b8f3-23c997b43b9b_259809969057_89920&target_id=aud-366961792216:kwd-24848730
510,Alaska Air Miles ,credit card,BoA,https://secure.bankofamerica.com/applynow/welcome.go
511,Williams Sonoma Visa credit card,credit card,,https://d.comenity.net/williamssonomavisa/public/apply/Apply.xhtml?gclid=Cj0KCQjw5LbWBRDCARIsALAbcOc1xlPtDnqxJ8lKarZDY1g2jitRRFXjfQLlmRrPYNeOBdAZmswJkxQaAr8_EALw_wcB&cm_ven=NonBrandSearch&Kenshoo=994646c7-8472-4246-b8f3-23c997b43b9b&cm_ite=best+credit+card+offers&cm_pla=NonBrand_Search_Credit+Card_Remarketing+Broad&cm_cat=Google
512,Crate and Barrel credit card,credit card,,https://www.crateandbarrel.com/credit-card/
513,West Elm credit card,credit card,,https://d.comenity.net/westelm/pub/apply/ApplyIntro.xhtml
514,US Bank Gold Flex Bank,credit card,,https://apply.usbank.com/applications/credit-cards/about-you
515,Home Depot credit card,credit card,,https://citiretailservices.citibankonline.com/CRS/acq/launch/index.action?app=UNSOL&siteId=PLCN_HOMEDEPOT&sc=30005&cmp=A~C~C~A~1~5~ZZZZ~ZZ~HD~ZZ
516,Lowes credit card,credit card,,https://apply.syf.com/eapply/dapplycardSubmit.action
517,Applied Bank,credit card,,https://appliedcreditnow.com/business/applystepone.aspx?sid=59&hid=221343586&cd=650161&c1=$siteid$&c2=552180419231410030&c3=
518,Priceline Rewards visa,credit card,,https://www.pricelinevisa.com/apply/Landing.action?campaignId=2092&cellNumber=13&referrerid=BCSCD
519,76 Drive Savvy rewards,credit card,,https://eapply.syf.com/eapplygen2/load.do?cHash=140526283014&subActionId=1000&langId=en&brandId=union76
520,5/3 Trio credit card,credit card,Zip: 33772,https://www.53.com/product/apply
521,Victoria Secret Angel card,credit card,,https://c.comenity.net/victoriassecret/public/apply/ApplyIntro.xhtml
522,Nordstrom credit card,credit card,,https://secure.nordstrom.com/InstantCreditApproval/ApplyForCredit.aspx?ProductSelectedForApplication=1
523,Gap credit card,credit card,,https://apply.syf.com/eapply/eapply.action?clientCode=GAP&sitecode=CR_APL_A
524,TJX Rewards,credit card,,https://eapply.syf.com/eapplygen2/load.do?cHash=385211800&subActionId=1000&langId=en&SDP=l2DU0scnUCMxcScPa1pbFEKpzOrK1qABFhSwd8ENXE4EqwiI2qD4h%2FbIeHew3ED1aC0r%2F0x6SRBt6oXzYCgq3tyTtrRDFh3%2Fc7%2BCP7Lm0XQ%3D
525,Discover it ,credit card,,https://www.discovercard.com/application/apply?execution=e1s1&_eventId=lookupProspect
526,Fingerhunt,credit card,,https://www.fingerhut.com/creditApp/index
527,Firestone Complete Auto Care,credit card,,https://www.cfna.com/web/personalservices/firestonecompleteautocare/applynow?referrer=www.google.com
528,Express Next,credit card,,https://www.express.com/account/credit-card-application.jsp
529,JCPenney,credit card,,https://apply.syf.com/eapply/eapply.action?clientCode=JCPCON&cHash=1342177401&subActionId=1000
530,Macys,credit card,,https://citiretailservices.citibankonline.com/CRS/acq/launch/index.action?app=UNSOL&siteId=PLCN_MACYS&langId=EN&sc=80002
531,Kohl's,credit card,,https://apply.kohls.com/
532,Barney's New York,credit card,,https://d.comenity.net/barneysnewyork/public/apply/ApplyIntroQC.xhtml
533,Staples credit card,credit card,,https://citiretailservices.citibankonline.com/CRS/acq/launch/index.action?app=UNSOL&siteId=PLCN_STAPLES&langId=EN&sc=20155#
534,Barclays NFL Extra Points,credit card,,https://www.barclaycardus.com/apply/Application.action?campaignId=2096&cellNumber=6&switchCampaign
535,United credit card,credit card,,https://applynow.chase.com/FlexAppWeb/renderApp.do?PID=UAB1&CAT=0&SPID=FRPV&CELL=6H8X&AFFID=SWlnSnn6x54-majvcVBXt4iJSOxMnDyQng
536,SPG,credit card,,https://www.americanexpress.com/us/credit-cards/card-application/apply/starwood-preferred-credit-card/26129-10-0?pmccode=&intlink=US-Acq-CCSG-Prospect-CardDetails-SPG-Apply-Top#/
537,San Diego County Credit Union,credit card,,https://newaccounts-mobile.sdccu.com/cc/CreditCard.aspx?enc=Kw21Wblm1yxpjJabdoZaDy5h5AZDW3YN5EZazOB45Q4rvAErweGRJ93m67VUDBIroJKN76k9-G8l5vwIPCv2rg
538,HSBC,credit card,,https://apply.us.hsbc.com/apps/servlet/SmartForm.html?formCode=creditcardapply&promoid=CBN&marketingcode=AFF0000018&pStack=AFF0000018_ZZZZZZZZZZ
539,Alliant,credit card,,https://www.alliantcreditunion.com/Clos/VisaLoan/GetNextWork?entityType=VIS&nodeid=7A004B0058005A00740076005700550077004D005A006F005400570033006500730076004A004300620077003D003D00
540,Open Sky,credit card,,https://www.openskycc.com/app/Application?utm_source=not%20set&NID=1862
541,DCU Visa ,credit card,,https://app.loanspq.com/cc/CreditCard.aspx?enc=Kw21Wblm1yxpjJabdoZaD0XYp1-TOLQAnMwltxJ_32kHXNMUiqrd5cBGy1OioMF0
542,Credit One NASCAR,credit card,,https://www.creditonebank.com/pre-qualification/data-entry/indexB?C1BSourceID=C1ON&C1BDescriptorID=CB0000L00&C1BSpecificationID=creditonebank.com-nascar&adobe_mc_ref=https%3A%2F%2Fwww.creditonebank.com%2Fnascar%2F&adobe_mc_sdid=SDID%3D3AFE0895F52FFD19-7662AECF0900B68A%7CMCORGID%3D2C7943A1558412C27F000101%2540AdobeOrg%7CTS%3D1523491242
543,Comerica Bank,credit card,,https://online1.elancard.com/oad/apply.personal.controller?method=start
544,Union Bank,credit card,,https://fdnp.unionbank.zootweb.com/consumer/public
545,Rabobank,credit card,,https://online1.elancard.com/oad/apply.personal.controller?method=start
546,Citizens Bank Cash Back Plus World Mastercard,credit card,,https://www.personal.creditcardsapplynow.com/CARDS_APPLY/Application.do?promoCode=CTZCBP&sourceCell=CTCP003
547,Ulta ,credit card,,https://www.ulta.com/creditcards/apply
548,ABOC,credit card,,https://www.platinumrewardsnow.com/ABOC/Amalgamated-Bank-Platinum-Rewards-Card/Blue/ApplyStepOne.aspx?sid=45&hid=220699351&cd=501714&c1=nerdwallet.com&c2=&c3=#two
549,Commerce Bank Visa,credit card,,https://credit.commercebank.com/CreditCards/Home/Disclosure
550,Midwest One Bank,credit card,,https://commonsenselenders.com/WebApp/WebPages/MainPages/ConsumerApplicationInfo.aspx
551,PNC,credit card,,https://www.apply.pnc.com/wsp/creditCardApp/#/information
552,State Farm,credit card,,https://bank.statefarm.com/IntegratedCreditCard-web/applicantInfo/a20fca83-1b70-4954-8549-402604bd5d7d
553,Bankers Trust,credit card,,https://umnasg7.umonitor.com/consumerloan/uLoan/welcome.do?auth=e54447a198ae91a6
554,West Elm,shopping cart,,https://www.westelm.com/checkout/shipping.html
555,Crate and Barrel,shopping cart,,https://m.crateandbarrel.com/Checkout/BillingAddress
556,Anthropologie,shopping cart,,https://www.anthropologie.com/checkout/shipping-address
557,Starbucks,shopping cart,,https://www.starbucks.com/shop/shippingaddress
558,Sur La Table,shopping cart,,https://www.surlatable.com/checkout/opc/singleShippingGroup.jsp
559,North Face,shopping cart,,https://www.thenorthface.com/webapp/wcs/stores/servlet/VFShippingAddressView?orderId=36836579&storeId=7001
560,Nike,shopping cart,,https://www.nike.com/checkout
561,Apple store,shopping cart,,https://secure1.store.apple.com/shop/checkout#shipping-box
562,Paper Source,shopping cart,,https://www.papersource.com/ord/basket.html
563,REI,shopping cart,,https://www.rei.com/checkout/#billing-address
564,World Market,shopping cart,,https://www.worldmarket.com/checkout/accordioncheckout.do?method=view
565,Overstock,shopping cart,,https://www.overstock.com/checkout?TID=CART:SummaryBox&guestcustomer=true
566,Petsmart,shopping cart,,https://www.petsmart.com/checkout/
567,WarbyParker,shopping cart,,https://www.eyebuydirect.com/checkout
568,Lululemon,shopping cart,,https://shop.lululemon.com/checkout/spk/index.jsp
569,FjallRaven,shopping cart,,https://www.fjallraven.us/7907429/checkouts/b8a595e24ce90ce0aa93f969d4d45b92?_ga=2.102729349.544664221.1523516137-797830319.1523516137
570,Fully,shopping cart,,https://www.fully.com/checkout/onepage
571,Pier1,shopping cart,,https://www.pier1.com/on/demandware.store/Sites-pier1_us-Site/default/Checkout-Start#c_1
572,Amtrack ticket reservation,shopping cart,,https://tickets.amtrak.com/itd/amtrak
573,Walmart,shopping cart,,https://www.walmart.com/checkout/#/shipping-address
574,Patagonia,shopping cart,,https://www.patagonia.com/checkout/start/
575,Rebecca Minkoff,shopping cart,,https://www.rebeccaminkoff.com/17549245/checkouts/5991f747f30c8d8bb91f077ab30b928e?_ga=2.220393691.2117695743.1523516816-274452819.1523516816%26_gac%3D1.138136964.1523516816.EAIaIQobChMI64nOsZa02gIVyLfACh1TEAQ0EAAYASAAEgIcMvD_BwE
576,Petco,shopping cart,,https://www.petco.com/webapp/wcs/stores/servlet/SingleShipmentOrderSummaryView?catalogId=10051&langId=-1&storeId=10151&krypto=VgSN1RUkep8QdTOb6AZk218H7NUXbJqLMKTS7VOmpQhd3VhkrGW6C3OFsA9%2BUbK1XJ9%2BjwBm8o3VPwcK1h7Hbcl8M9H%2F23mjDx1qPn3J60fPaD0KY54Y7dIq1CkQatXPPEVy8zMeO4ZGd6lf8p19wZwOU7PSiIkHvzA0a%2FoRtHEKcswaz4w%2BFgR%2FtFUd%2F7Z%2FS3ILMPNOQv8Ov7j5IzamtTasanhIGYhae1BH5spcgrsxkqUO%2BDxyRNQY7xVQBzsxjserxXkfR%2FG3A3FEDUBxSF4cuWZ6cnUenVvjYNAI9Ho%3D&ddkey=https%3APetcoCheckForUniqueEmail
577,NewEgg,shopping cart,,https://secure.newegg.com/GlobalShopping/CheckoutStep1.aspx?CartID=700%2bBSWGTWZJDPBMGBM&IsCombineGuest=1
578,BHPhoto,shopping cart,,https://www.bhphotovideo.com/bnh/controller/home?O=cart&A=checkout&Q=nologin#/shipping
579,Ikea,shopping cart,,https://secure.ikea.com/webapp/wcs/stores/servlet/IrwCheckoutWelcomeView?catalogId=11001&langId=-1&storeId=12&krypto=VKaOtl%2FkIcAUP3YXO0gQr0I5s07rvIF2x2vl7dpsqF1OXD5VfPvOjuRSahbY6GUKpdvhYBu7G%2FFIjVfxcoZ6J51PeKkVLyHLS9Q65gl0cPxKodBoSr6qx5TevH4SFfOdtY7FrLfeG9havv7qRCsgpqtgLqv1yKmJJ3j3KHkhKxVkkLRF8UcKdJrHbyPRW3Zi&ddkey=https%3AIrwProceedFromCart
580,ThinkGeek,shopping cart,,https://www.thinkgeek.com/brain/checkout/address.cgi
581,Barnes and Noble,shopping cart,,https://www.barnesandnoble.com/checkout/shipping.jsp?_requestid=1093955
582,Marriott,shopping cart,,https://www.marriott.com/reservation/guestInfo.mi
583,Dick's Sporting Goods,shopping cart,,https://www.dickssportinggoods.com/DSGBillingAddressView?catalogId=12301&langId=-1&storeId=15108
584,Blick,shopping cart,,https://www.dickblick.com/v2/checkout?viewName=Welcome
585,Quest Nutrition,shopping cart,,https://www.questnutrition.com/14638084/checkouts/0decb034233ee9560d0c0b2a89e401f5?_ga=2.141672305.2133346964.1523518295-553472062.1523518295%26_gac%3D1.238274996.1523518295.EAIaIQobChMItqmF85u02gIVXrXACh38VwcNEAAYASAAEgLLJfD_BwE
586,TeeSpring,shopping cart,,https://teespring.com/buy/checkout
587,Guitar Center,shopping cart,,https://www.guitarcenter.com/checkout?_requestid=621245
588,Cabela's,shopping cart,,https://www.cabelas.com/shop/checkout/bill_to/address/view
589,Office Depot,shopping cart,,https://www.officedepot.com/checkout/anonymousSubmitSet.do
590,Michael's,shopping cart,,https://www.michaels.com/cart?dwcont=C2028350640
591,Khiel's,shopping cart,,https://www.kiehls.com/cart?dwcont=C993786002
592,Robbins Brothers,shopping cart,,https://www.robbinsbrothers.com/checkout/
593,Sunglass Hut,shopping cart,,https://www.sunglasshut.com/CheckoutSingleShipmentShippingView?shipmentType=single&catalogId=10101&orderId=.&langId=-1&storeId=10152
594,Swell,shopping cart,,https://www.swellbottle.com/checkout/
595,Bed Bath & Beyond,shopping cart,,https://www.bedbathandbeyond.com/store/checkout/checkout_single.jsp?_requestid=501632
596,Tilly's,shopping cart,,https://www.tillys.com/shipping
597,Burton,shopping cart,,https://www.burton.com/us/en/shipping
598,Yankee Candle,shopping cart,,https://www.yankeecandle.com/checkout/shipping.jsp?_requestid=621#
599,See's Candy,shopping cart,,https://www.sees.com/shipping
600,Joann,shopping cart,,https://www.joann.com/cart?dwcont=C1410925535
601,Hickory Farms,shopping cart,,https://www.hickoryfarms.com/shipping
602,Zales,shopping cart,,https://www.zales.com/checkout/multi/delivery-address/add
603,NFL,shopping cart,,https://www.nflshop.com/checkout/address
604,Dyson product registration,product registration,,https://www.dyson.com/register.html
605,Kitchenaid product registration,product registration,,https://register.kitchenaid.com/
606,Oster,product registration,,https://www.oster.com/service-and-support/product-registration/product-registration.html
607,Keurig product registration,product registration,,https://www.keurig.com/appliances/register-brewer
608,Nespresso product registration,product registration,,https://www.nespresso.com/us/en/registration?execution=e1s1
609,Blendtec product registration,product registration,,https://www.blendtec.com/pages/product-registration/
610,Nvidia GeForce graphics card product registration,product registration,,http://www.onlineregister.com/nvidia/register/gtx/
611,Sony product registration,product registration,,https://productregistration.sony.com/
612,Vornado product registration,product registration,,https://www.vornado.com/product-registration
613,SimpleHuman product registration,product registration,,https://www.simplehuman.com/product-registration
614,Vizio product registration,product registration,,https://www.vizio.com/product-registration/
615,LG product registration,product registration,,https://lg.registria.com/
616,Hoover product registration,product registration,,https://www.hoover.com/product-registration/
617,Black and Decker product registration,product registration,,https://www.blackanddecker.com/support/product-registration
618,Makita product registration,product registration,,https://www.makitatools.com/account/login
619,Dewalt product registration,product registration,,https://www.dewalt.com/support/product-registration
620,Whirlpool product registration,product registration,,https://www.whirlpool.com/store/product-register/new-product-registration.html
621,Bose,product registration,,https://www.bose.com/en_us/support/product_registration.html
622,Mr. Coffee product registration,product registration,,https://www.mrcoffee.com/service-and-support/product-registration/product-registration.html
623,Thule product registration,product registration,,https://www.thule.com/en-us/us/product-registration
624,Oakley product registration,product registration,,https://register.oakley.com/register_product?country=US&locale=en
625,Maytag product registration,product registration,,https://www.maytag.com/store/product-register/new-product-registration
626,Sunbeam product registration,product registration,,http://www.sunbeam.com/service-and-support/product-registration/product-registration.html
627,Hamilton Beach product registration,product registration,,https://www.hamiltonbeach.com/product-registration
628,Casio product registration,product registration,,https://www.onlineregister.com/casio/registration/?category=Watches
629,Fossil product registration,product registration,,https://www.fossil.com/us/en/customer-care/product-registration.html
630,Subzero product registration,product registration,,http://www.subzero-wolf.com/use-and-care/product-registration/user-info
631,Waterpik product registration,product registration,,https://www.waterpik.com/oral-health/product-support/product-registration/
632,Zeiss product registration,product registration,,https://www.zeiss.com/sports-optics/en_us/landingpages/product-registration.html#registration-form
633,Pfister product registration,product registration,,https://www.pfisterfaucets.com/support/product-registration
634,Vtech product registration,product registration,,https://www.vtechphones.com/support/product-registration
635,RayBan product registration,product registration,,https://service.ray-ban.com/Account/Register
636,Zojirushi product registration,product registration,,https://www.zojirushi.com/app/registration/entry
637,Nixon product registration,product registration,,https://registration.nixon.com/watch_registrations/new?locale=en-US
638,Silhouette product registration,product registration,,https://www.silhouetteappliances.com/us/warranty-registration/product-registration/
639,CrockPot product registration,product registration,,https://www.crock-pot.com/service-and-support/product-registration/product-registration.html
640,LeCreuset product registration,product registration,,https://www.lecreuset.com/product-registration
641,Shun product registration,product registration,,https://shun.kaiusaltd.com/knife-registration
642,Cuisinart product registration,product registration,,https://cuisinart.registria.com/
643,Western Digital product registration,product registration,,https://support.wdc.com/support/productregistration.aspx?lang%3Dgr
644,Smeg product registration,product registration,UK,https://www.smeg-service.co.uk/smegWarranty/Create
645,Diamond Multimedia,product registration,,https://diamondmm.com/diamond-multimedia-product-registration/
646,Wahl product registration,product registration,,https://home.wahl.com/support/product-registration
647,PetSafe product registration,product registration,,https://www.petsafe.net/support/product-registration
648,Klipsch product registration,product registration,,http://www.klipsch.com/register
649,Oreck product registration,product registration,,https://www.oreck.com/product-registration/
650,Taylor Made product registration,product registration,,https://www.taylormadegolf.com/ProductRegistration//
651,Noctua product registration,product registration,,https://noctua.at/en/registration
652,Turtle Beach product registration,product registration,,http://www.turtlebeach.com/en-us/product-registration/
653,Rosewill product registration,product registration,,https://www.rosewill.com/product_registration_warranty
